Datetime,Water Level (m)
2025-03-14 00:00:00,-0.38640472
2025-03-14 01:00:00,-0.64736736
2025-03-14 02:00:00,-0.82517093
2025-03-14 03:00:00,-0.65979
2025-03-14 04:00:00,-0.38580155
2025-03-14 05:00:00,-0.013573685
2025-03-14 06:00:00,0.3659814
2025-03-14 07:00:00,0.6278165
2025-03-14 08:00:00,0.6311018
2025-03-14 09:00:00,0.4018396
2025-03-14 10:00:00,0.12833995
2025-03-14 11:00:00,-0.15893099
2025-03-14 12:00:00,-0.43419442
2025-03-14 13:00:00,-0.688204
2025-03-14 14:00:00,-0.8643511
2025-03-14 15:00:00,-0.7034358
2025-03-14 16:00:00,-0.42118078
2025-03-14 17:00:00,-0.032293137
2025-03-14 18:00:00,0.37579343
2025-03-14 19:00:00,0.70193154
2025-03-14 20:00:00,0.7446294
2025-03-14 21:00:00,0.5152886
2025-03-14 22:00:00,0.2411095
2025-03-14 23:00:00,-0.06296342
2025-03-15 00:00:00,-0.35263252
2025-03-15 01:00:00,-0.6229977
2025-03-15 02:00:00,-0.8513627
2025-03-15 03:00:00,-0.87630045
2025-03-15 04:00:00,-0.5922215
2025-03-15 05:00:00,-0.24617434
2025-03-15 06:00:00,0.15707181
2025-03-15 07:00:00,0.5272975
2025-03-15 08:00:00,0.68022597
2025-03-15 09:00:00,0.5051262
2025-03-15 10:00:00,0.2564662
2025-03-15 11:00:00,-0.035542883
2025-03-15 12:00:00,-0.31483307
2025-03-15 13:00:00,-0.5765119
2025-03-15 14:00:00,-0.8011314
2025-03-15 15:00:00,-0.83694047
2025-03-15 16:00:00,-0.5575076
2025-03-15 17:00:00,-0.21810272
2025-03-15 18:00:00,0.1913016
2025-03-15 19:00:00,0.5765514
2025-03-15 20:00:00,0.75603014
2025-03-15 21:00:00,0.5956689
2025-03-15 22:00:00,0.3403569
2025-03-15 23:00:00,0.03442046
2025-03-16 00:00:00,-0.26051655
2025-03-16 01:00:00,-0.540626
2025-03-16 02:00:00,-0.79087716
2025-03-16 03:00:00,-0.9376578
2025-03-16 04:00:00,-0.71487224
2025-03-16 05:00:00,-0.41776612
2025-03-16 06:00:00,-0.014565798
2025-03-16 07:00:00,0.3881523
2025-03-16 08:00:00,0.6553134
2025-03-16 09:00:00,0.62905693
2025-03-16 10:00:00,0.39238244
2025-03-16 11:00:00,0.11220535
2025-03-16 12:00:00,-0.17583592
2025-03-16 13:00:00,-0.44899985
2025-03-16 14:00:00,-0.69531953
2025-03-16 15:00:00,-0.85034376
2025-03-16 16:00:00,-0.65463793
2025-03-16 17:00:00,-0.36959127
2025-03-16 18:00:00,0.0096911015
2025-03-16 19:00:00,0.41876608
2025-03-16 20:00:00,0.70205563
2025-03-16 21:00:00,0.6671646
2025-03-16 22:00:00,0.42527455
2025-03-16 23:00:00,0.14021035
2025-03-17 00:00:00,-0.1549561
2025-03-17 01:00:00,-0.43695968
2025-03-17 02:00:00,-0.6963964
2025-03-17 03:00:00,-0.89377755
2025-03-17 04:00:00,-0.8058739
2025-03-17 05:00:00,-0.5270618
2025-03-17 06:00:00,-0.15572436
2025-03-17 07:00:00,0.26109767
2025-03-17 08:00:00,0.604969
2025-03-17 09:00:00,0.73717624
2025-03-17 10:00:00,0.55137575
2025-03-17 11:00:00,0.29858673
2025-03-17 12:00:00,0.0063571646
2025-03-17 13:00:00,-0.27177972
2025-03-17 14:00:00,-0.53122765
2025-03-17 15:00:00,-0.74099696
2025-03-17 16:00:00,-0.7413499
2025-03-17 17:00:00,-0.46836174
2025-03-17 18:00:00,-0.13331968
2025-03-17 19:00:00,0.25194952
2025-03-17 20:00:00,0.56688255
2025-03-17 21:00:00,0.6575075
2025-03-17 22:00:00,0.45764157
2025-03-17 23:00:00,0.20062025
2025-03-18 00:00:00,-0.088084385
2025-03-18 01:00:00,-0.36186653
2025-03-18 02:00:00,-0.61508715
2025-03-18 03:00:00,-0.8290408
2025-03-18 04:00:00,-0.8809534
2025-03-18 05:00:00,-0.62255824
2025-03-18 06:00:00,-0.30772117
2025-03-18 07:00:00,0.060509473
2025-03-18 08:00:00,0.45522186
2025-03-18 09:00:00,0.6647313
2025-03-18 10:00:00,0.58808404
2025-03-18 11:00:00,0.35724425
2025-03-18 12:00:00,0.075800404
2025-03-18 13:00:00,-0.18682943
2025-03-18 14:00:00,-0.4403617
2025-03-18 15:00:00,-0.6587224
2025-03-18 16:00:00,-0.75204194
2025-03-18 17:00:00,-0.52608824
2025-03-18 18:00:00,-0.24796301
2025-03-18 19:00:00,0.09059651
2025-03-18 20:00:00,0.43223435
2025-03-18 21:00:00,0.59094137
2025-03-18 22:00:00,0.4719234
2025-03-18 23:00:00,0.2391821
2025-03-19 00:00:00,-0.03724016
2025-03-19 01:00:00,-0.30496565
2025-03-19 02:00:00,-0.55756104
2025-03-19 03:00:00,-0.7792517
2025-03-19 04:00:00,-0.91831726
2025-03-19 05:00:00,-0.7498452
2025-03-19 06:00:00,-0.49514368
2025-03-19 07:00:00,-0.14674206
2025-03-19 08:00:00,0.22864856
2025-03-19 09:00:00,0.5132056
2025-03-19 10:00:00,0.5873069
2025-03-19 11:00:00,0.41056758
2025-03-19 12:00:00,0.17282756
2025-03-19 13:00:00,-0.08944063
2025-03-19 14:00:00,-0.33751526
2025-03-19 15:00:00,-0.55546206
2025-03-19 16:00:00,-0.7041762
2025-03-19 17:00:00,-0.60385895
2025-03-19 18:00:00,-0.3702968
2025-03-19 19:00:00,-0.07174089
2025-03-19 20:00:00,0.2317108
2025-03-19 21:00:00,0.4429259
2025-03-19 22:00:00,0.41547498
2025-03-19 23:00:00,0.20886968
2025-03-20 00:00:00,-0.034935433
